item_id,pair_id,version,item_type,family_id,family_name,construct,q_vector,prime_text,target_text,target_lemma,critical_region,critical_region_word_pos,expected_response,name_in_prime,np_type,oddness_type,error_type,target_word_count,target_char_count,prime_word_count,lemma_letters,lemma_syllables,zipf_wordfreq,cefr_j_level,aoa_kuperman,concreteness,katakana_cognate,gairaigo_mismatch,dual_violation_flag,audio_duration_ms_est,prime_duration_ms_est,list_form,run_assignment_A,run_assignment_B,trial_index_A,trial_index_B,changed_from_v2
P001G,P001,G,critical,F01,singular_count_missing_article,sg_count+article_omission,001000,"In the home goods store, Maya wanted lighting.",Maya bought a lamp yesterday.,lamp,a lamp,3,yes,Maya,proper_name,,,5,29,8,4,1,4.05,B2,4.0,5.0,2,0,0,2051,3312,A,1.0,,22.0,,no
P001U,P001,U,critical,F01,singular_count_missing_article,sg_count+article_omission,001000,"In the home goods store, Maya wanted lighting.",Maya bought lamp yesterday.,lamp,lamp,3,no,Maya,proper_name,,,4,27,8,4,1,4.05,B2,4.0,5.0,2,0,0,1681,3312,B,,3.0,,18.0,no
P002G,P002,G,critical,F01,singular_count_missing_article,sg_count+article_omission,001000,"During the storm, Owen wanted fresh air inside.",Owen opened a window quickly.,window,a window,3,yes,Owen,proper_name,,,5,29,8,6,2,4.8,B1,3.5,5.0,0,0,0,2051,3312,A,2.0,,11.0,,no
P002U,P002,U,critical,F01,singular_count_missing_article,sg_count+article_omission,001000,"During the storm, Owen wanted fresh air inside.",Owen opened window quickly.,window,window,3,no,Owen,proper_name,,,4,27,8,6,2,4.8,B1,3.5,5.0,0,0,0,1681,3312,B,,1.0,,2.0,no
P003G,P003,G,critical,F01,singular_count_missing_article,sg_count+article_omission,001000,"Before the trip, Sara organized her travel items.",Sara packed a suitcase carefully.,suitcase,a suitcase,3,yes,Sara,proper_name,,,5,33,8,8,2,3.55,C1,5.0,5.0,2,0,0,2051,3312,A,2.0,,14.0,,no
P003U,P003,U,critical,F01,singular_count_missing_article,sg_count+article_omission,001000,"Before the trip, Sara organized her travel items.",Sara packed suitcase carefully.,suitcase,suitcase,3,no,Sara,proper_name,,,4,31,8,8,2,3.55,C1,5.0,5.0,2,0,0,1681,3312,B,,2.0,,31.0,no
P004G,P004,G,critical,F01,singular_count_missing_article,sg_count+article_omission,001000,"In art class, Noah practiced drawing shapes.",Noah drew a circle neatly.,circle,a circle,3,yes,Noah,proper_name,,,5,26,7,6,2,4.55,B1,4.5,4.0,1,1,0,2051,2942,A,3.0,,3.0,,prime: geometryâ†’art
P004U,P004,U,critical,F01,singular_count_missing_article,sg_count+article_omission,001000,"In art class, Noah practiced drawing shapes.",Noah drew circle neatly.,circle,circle,3,no,Noah,proper_name,,,4,24,7,6,2,4.55,B1,4.5,4.0,1,1,0,1681,2942,B,,2.0,,7.0,prime: geometryâ†’art
P005G,P005,G,critical,F01,singular_count_missing_article,sg_count+article_omission,001000,"Outside the cafe, Lena felt suddenly cold.",Lena wore a jacket today.,jacket,a jacket,3,yes,Lena,proper_name,,,5,25,7,6,2,4.32,B2,4.0,5.0,2,0,0,2051,2942,A,1.0,,32.0,,no
P005U,P005,U,critical,F01,singular_count_missing_article,sg_count+article_omission,001000,"Outside the cafe, Lena felt suddenly cold.",Lena wore jacket today.,jacket,jacket,3,no,Lena,proper_name,,,4,23,7,6,2,4.32,B2,4.0,5.0,2,0,0,1681,2942,B,,1.0,,13.0,no
P006G,P006,G,critical,F01,singular_count_missing_article,sg_count+article_omission,001000,"In her bedroom, Emma wanted to see herself.",Emma hung a mirror upstairs.,mirror,a mirror,3,yes,Emma,proper_name,,,5,28,8,6,2,4.47,B2,4.5,5.0,1,0,0,2051,3312,A,4.0,,8.0,,prime: reflectiveâ†’see herself
P006U,P006,U,critical,F01,singular_count_missing_article,sg_count+article_omission,001000,"In her bedroom, Emma wanted to see herself.",Emma hung mirror upstairs.,mirror,mirror,3,no,Emma,proper_name,,,4,26,8,6,2,4.47,B2,4.5,5.0,1,0,0,1681,3312,B,,4.0,,18.0,prime: reflectiveâ†’see herself
P007G,P007,G,critical,F02,indefinite_article_a_an,a/an_allomorph,001000,"After lunch, Sara chose one piece of fruit.",Sara ate an orange quickly.,orange,an orange,3,yes,Sara,proper_name,,,5,27,8,6,2,4.62,B1,3.5,5.0,2,0,0,2051,3312,A,2.0,,1.0,,no
P007U,P007,U,critical,F02,indefinite_article_a_an,a/an_allomorph,001000,"After lunch, Sara chose one piece of fruit.",Sara ate a orange quickly.,orange,a orange,3,no,Sara,proper_name,,,5,26,8,6,2,4.62,B1,3.5,5.0,2,0,0,2051,3312,B,,3.0,,22.0,no
P008G,P008,G,critical,F02,indefinite_article_a_an,a/an_allomorph,001000,"At night, Mira noticed one bird in flight.",Mira saw an owl clearly.,owl,an owl,3,yes,Mira,proper_name,,,5,24,8,3,1,3.87,C1,5.5,5.0,0,0,0,2051,3312,A,1.0,,18.0,,no
P008U,P008,U,critical,F02,indefinite_article_a_an,a/an_allomorph,001000,"At night, Mira noticed one bird in flight.",Mira saw a owl clearly.,owl,a owl,3,no,Mira,proper_name,,,5,23,8,3,1,3.87,C1,5.5,5.0,0,0,0,2051,3312,B,,2.0,,11.0,no
P009G,P009,G,critical,F02,indefinite_article_a_an,a/an_allomorph,001000,"In the bakery, Ren needed one kitchen tool.",Ren used an oven carefully.,oven,an oven,3,yes,Ren,proper_name,,,5,27,8,4,1,4.05,B2,5.0,5.0,2,0,0,2051,3312,A,3.0,,16.0,,prime: heating applianceâ†’kitchen tool
P009U,P009,U,critical,F02,indefinite_article_a_an,a/an_allomorph,001000,"In the bakery, Ren needed one kitchen tool.",Ren used a oven carefully.,oven,a oven,3,no,Ren,proper_name,,,5,26,8,4,1,4.05,B2,5.0,5.0,2,0,0,2051,3312,B,,2.0,,23.0,prime: heating applianceâ†’kitchen tool
P010G,P010,G,critical,F02,indefinite_article_a_an,a/an_allomorph,001000,"On the map, Tyler found one tropical land.",Tyler visited an island recently.,island,an island,3,yes,Tyler,proper_name,,,5,33,8,6,2,5.01,A2,5.5,5.0,0,0,0,2051,3312,A,4.0,,23.0,,no
P010U,P010,U,critical,F02,indefinite_article_a_an,a/an_allomorph,001000,"On the map, Tyler found one tropical land.",Tyler visited a island recently.,island,a island,3,no,Tyler,proper_name,,,5,32,8,6,2,5.01,A2,5.5,5.0,0,0,0,2051,3312,B,,3.0,,32.0,no
P011G,P011,G,critical,F02,indefinite_article_a_an,a/an_allomorph,001000,"For breakfast, Aya wanted one healthy snack.",Aya cooked an egg quickly.,egg,an egg,3,yes,Aya,proper_name,,,5,26,7,3,1,4.46,B2,3.5,5.0,0,0,0,2051,2942,A,2.0,,18.0,,prime: protein itemâ†’healthy snack
P011U,P011,U,critical,F02,indefinite_article_a_an,a/an_allomorph,001000,"For breakfast, Aya wanted one healthy snack.",Aya cooked a egg quickly.,egg,a egg,3,no,Aya,proper_name,,,5,25,7,3,1,4.46,B2,3.5,5.0,0,0,0,2051,2942,B,,4.0,,2.0,prime: protein itemâ†’healthy snack
P012G,P012,G,critical,F02,indefinite_article_a_an,a/an_allomorph,001000,"At the zoo, Kenji saw one large mammal.",Kenji photographed an elephant carefully.,elephant,an elephant,3,yes,Kenji,proper_name,,,5,41,8,8,2,4.08,B2,4.0,5.0,0,0,0,2051,3312,A,3.0,,14.0,,no
P012U,P012,U,critical,F02,indefinite_article_a_an,a/an_allomorph,001000,"At the zoo, Kenji saw one large mammal.",Kenji photographed a elephant carefully.,elephant,a elephant,3,no,Kenji,proper_name,,,5,40,8,8,2,4.08,B2,4.0,5.0,0,0,0,2051,3312,B,,1.0,,8.0,no
P013G,P013,G,critical,F03,count_noun_plural_after_numeral,count+numeral+plural,000100,Mira visited the fruit farm for fresh fruit.,Mira picked five apples recently.,apple,five apples,3,yes,Mira,proper_name,,,5,33,8,5,2,4.76,B1,3.0,5.0,1,0,0,2051,3162,A,4.0,,2.0,,prime: orchardâ†’fruit farm; adv: todayâ†’recently; name: Mayaâ†’Mira
P013U,P013,U,critical,F03,count_noun_plural_after_numeral,count+numeral+plural,000100,Mira visited the fruit farm for fresh fruit.,Mira picked five apple recently.,apple,five apple,3,no,Mira,proper_name,,,5,32,8,5,2,4.76,B1,3.0,5.0,1,0,0,2051,3162,B,,4.0,,13.0,prime: orchardâ†’fruit farm; adv: todayâ†’recently; name: Mayaâ†’Mira
P014G,P014,G,critical,F03,count_noun_plural_after_numeral,count+numeral+plural,000100,Yuki walked the beach for small objects.,Yuki found four shells lately.,shell,four shells,3,yes,Yuki,proper_name,,,5,30,7,5,1,4.39,B2,5.0,5.0,1,0,0,2051,2792,A,2.0,,6.0,,adv: yesterdayâ†’lately; name: Saraâ†’Yuki
P014U,P014,U,critical,F03,count_noun_plural_after_numeral,count+numeral+plural,000100,Yuki walked the beach for small objects.,Yuki found four shell lately.,shell,four shell,3,no,Yuki,proper_name,,,5,29,7,5,1,4.39,B2,5.0,5.0,1,0,0,2051,2792,B,,3.0,,26.0,adv: yesterdayâ†’lately; name: Saraâ†’Yuki
P015G,P015,G,critical,F03,count_noun_plural_after_numeral,count+numeral+plural,000100,Owen prepared the garden for colorful plants.,Owen planted six flowers carefully.,flower,six flowers,3,yes,Owen,proper_name,,,5,35,7,6,2,4.42,B2,4.0,5.0,1,0,0,2051,2792,A,1.0,,15.0,,no
P015U,P015,U,critical,F03,count_noun_plural_after_numeral,count+numeral+plural,000100,Owen prepared the garden for colorful plants.,Owen planted six flower carefully.,flower,six flower,3,no,Owen,proper_name,,,5,34,7,6,2,4.42,B2,4.0,5.0,1,0,0,2051,2792,B,,2.0,,20.0,no
P016G,P016,G,critical,F03,count_noun_plural_after_numeral,count+numeral+plural,000100,"Before the exam, Aiden needed writing supplies.",Aiden bought three pencils today.,pencil,three pencils,3,yes,Aiden,proper_name,,,5,33,7,6,2,3.95,C1,4.5,5.0,0,0,0,2051,2942,A,4.0,,17.0,,name: Noahâ†’Aiden
P016U,P016,U,critical,F03,count_noun_plural_after_numeral,count+numeral+plural,000100,"Before the exam, Aiden needed writing supplies.",Aiden bought three pencil today.,pencil,three pencil,3,no,Aiden,proper_name,,,5,32,7,6,2,3.95,C1,4.5,5.0,0,0,0,2051,2942,B,,3.0,,16.0,name: Noahâ†’Aiden
P017G,P017,G,critical,F03,count_noun_plural_after_numeral,count+numeral+plural,000100,Aya decorated the room for her party.,Aya tied seven balloons quickly.,balloon,seven balloons,3,yes,Aya,proper_name,,,5,32,7,7,2,3.9,C1,4.5,5.0,2,0,0,2051,2792,A,3.0,,19.0,,verb: inflatedâ†’tied; name: Lenaâ†’Aya
P017U,P017,U,critical,F03,count_noun_plural_after_numeral,count+numeral+plural,000100,Aya decorated the room for her party.,Aya tied seven balloon quickly.,balloon,seven balloon,3,no,Aya,proper_name,,,5,31,7,7,2,3.9,C1,4.5,5.0,2,0,0,2051,2792,B,,1.0,,3.0,verb: inflatedâ†’tied; name: Lenaâ†’Aya
P018G,P018,G,critical,F03,count_noun_plural_after_numeral,count+numeral+plural,000100,Ethan prepared the birthday cake last night.,Ethan lit eight candles neatly.,candle,eight candles,3,yes,Ethan,proper_name,,,5,31,7,6,2,3.88,C1,4.5,5.0,1,0,0,2051,2792,A,3.0,,20.0,,adv: carefullyâ†’neatly; name: Emmaâ†’Ethan
P018U,P018,U,critical,F03,count_noun_plural_after_numeral,count+numeral+plural,000100,Ethan prepared the birthday cake last night.,Ethan lit eight candle neatly.,candle,eight candle,3,no,Ethan,proper_name,,,5,30,7,6,2,3.88,C1,4.5,5.0,1,0,0,2051,2792,B,,4.0,,10.0,adv: carefullyâ†’neatly; name: Emmaâ†’Ethan
P019G,P019,G,critical,F04,mass_noun_many_much,abs_mass+much/many,100010,"After studying medicine, Nora understood the subject deeply.",Nora gained much knowledge today.,knowledge,much knowledge,3,yes,Nora,proper_name,,,5,33,8,9,2,4.96,B1,7.5,2.0,0,0,0,2051,3312,A,4.0,,9.0,,name: Mayaâ†’Nora
P019U,P019,U,critical,F04,mass_noun_many_much,abs_mass+much/many,100010,"After studying medicine, Nora understood the subject deeply.",Nora gained many knowledge today.,knowledge,many knowledge,3,no,Nora,proper_name,,,5,33,8,9,2,4.96,B1,7.5,2.0,0,0,0,2051,3312,B,,1.0,,31.0,name: Mayaâ†’Nora
P020G,P020,G,critical,F04,mass_noun_many_much,abs_mass+much/many,100010,"Through daily practice, Kenji improved his skills regularly.",Kenji made much progress lately.,progress,much progress,3,yes,Kenji,proper_name,,,5,32,8,8,1,4.78,B1,8.5,2.5,0,0,0,2051,3312,A,3.0,,7.0,,prime: steadilyâ†’regularly; name: Owenâ†’Kenji
P020U,P020,U,critical,F04,mass_noun_many_much,abs_mass+much/many,100010,"Through daily practice, Kenji improved his skills regularly.",Kenji made many progress lately.,progress,many progress,3,no,Kenji,proper_name,,,5,32,8,8,1,4.78,B1,8.5,2.5,0,0,0,2051,3312,B,,4.0,,5.0,prime: steadilyâ†’regularly; name: Owenâ†’Kenji
P021G,P021,G,critical,F04,mass_noun_many_much,abs_mass+much/many,100010,"After her difficult week, Yuki wanted some relaxation.",Yuki needed much comfort recently.,comfort,much comfort,3,yes,Yuki,proper_name,,,5,34,8,7,2,4.41,B2,7.0,2.5,1,0,0,2051,3312,A,1.0,,25.0,,adv: todayâ†’recently; name: Saraâ†’Yuki
P021U,P021,U,critical,F04,mass_noun_many_much,abs_mass+much/many,100010,"After her difficult week, Yuki wanted some relaxation.",Yuki needed many comfort recently.,comfort,many comfort,3,no,Yuki,proper_name,,,5,34,8,7,2,4.41,B2,7.0,2.5,1,0,0,2051,3312,B,,1.0,,19.0,adv: todayâ†’recently; name: Saraâ†’Yuki
P022G,P022,G,critical,F04,mass_noun_many_much,abs_mass+much/many,100010,"Before the surgery, Noah felt extremely nervous.",Noah showed much courage yesterday.,courage,much courage,3,yes,Noah,proper_name,,,5,35,7,7,1,4.32,B2,7.5,2.0,0,0,0,2051,2942,A,4.0,,12.0,,no
P022U,P022,U,critical,F04,mass_noun_many_much,abs_mass+much/many,100010,"Before the surgery, Noah felt extremely nervous.",Noah showed many courage yesterday.,courage,many courage,3,no,Noah,proper_name,,,5,35,7,7,1,4.32,B2,7.5,2.0,0,0,0,2051,2942,B,,4.0,,16.0,no
P023G,P023,G,critical,F04,mass_noun_many_much,abs_mass+much/many,100010,"With the slow children, Mira waited calmly.",Mira showed much patience calmly.,patience,much patience,3,yes,Mira,proper_name,,,5,33,7,8,2,4.2,B2,7.0,2.0,0,0,0,2051,2942,A,1.0,,28.0,,adv: todayâ†’calmly; name: Lenaâ†’Mira
P023U,P023,U,critical,F04,mass_noun_many_much,abs_mass+much/many,100010,"With the slow children, Mira waited calmly.",Mira showed many patience calmly.,patience,many patience,3,no,Mira,proper_name,,,5,33,7,8,2,4.2,B2,7.0,2.0,0,0,0,2051,2942,B,,3.0,,15.0,adv: todayâ†’calmly; name: Lenaâ†’Mira
P024G,P024,G,critical,F04,mass_noun_many_much,abs_mass+much/many,100010,"For the marathon, Leo trained every single day.",Leo applied much effort briefly.,effort,much effort,3,yes,Leo,proper_name,,,5,32,8,6,2,4.92,B1,8.0,2.5,0,0,0,2051,3312,A,2.0,,29.0,,adv: yesterdayâ†’briefly; name: Emmaâ†’Leo
P024U,P024,U,critical,F04,mass_noun_many_much,abs_mass+much/many,100010,"For the marathon, Leo trained every single day.",Leo applied many effort briefly.,effort,many effort,3,no,Leo,proper_name,,,5,32,8,6,2,4.92,B1,8.0,2.5,0,0,0,2051,3312,B,,2.0,,14.0,adv: yesterdayâ†’briefly; name: Emmaâ†’Leo
P025G,P025,G,critical,F05,count_noun_many_much,conc_count+many/much,100010,"At the library, Ethan researched his topic.",Ethan borrowed many books today.,book,many books,3,yes,Ethan,proper_name,,,5,32,7,4,1,5.43,A2,3.5,5.0,1,0,0,2051,2942,A,3.0,,27.0,,name: Mayaâ†’Ethan
P025U,P025,U,critical,F05,count_noun_many_much,conc_count+many/much,100010,"At the library, Ethan researched his topic.",Ethan borrowed much books today.,book,much books,3,no,Ethan,proper_name,,,5,32,7,4,1,5.43,A2,3.5,5.0,1,0,0,2051,2942,B,,2.0,,18.0,name: Mayaâ†’Ethan
P026G,P026,G,critical,F05,count_noun_many_much,conc_count+many/much,100010,"For the meeting, Aiden arranged the conference room.",Aiden carried many chairs upstairs.,chair,many chairs,3,yes,Aiden,proper_name,,,5,35,8,5,1,4.69,B1,3.5,5.0,1,0,0,2051,3312,A,1.0,,21.0,,name: Owenâ†’Aiden
P026U,P026,U,critical,F05,count_noun_many_much,conc_count+many/much,100010,"For the meeting, Aiden arranged the conference room.",Aiden carried much chairs upstairs.,chair,much chairs,3,no,Aiden,proper_name,,,5,35,8,5,1,4.69,B1,3.5,5.0,1,0,0,2051,3312,B,,1.0,,27.0,name: Owenâ†’Aiden
P027G,P027,G,critical,F05,count_noun_many_much,conc_count+many/much,100010,"In her new class, Maya welcomed everyone happily.",Maya taught many students recently.,student,many students,3,yes,Maya,proper_name,,,5,35,8,7,2,5.02,A2,5.5,4.5,0,0,0,2051,3312,A,4.0,,20.0,,prime: newcomersâ†’everyone happily; adv: todayâ†’recently; name: Saraâ†’Maya
P027U,P027,U,critical,F05,count_noun_many_much,conc_count+many/much,100010,"In her new class, Maya welcomed everyone happily.",Maya taught much students recently.,student,much students,3,no,Maya,proper_name,,,5,35,8,7,2,5.02,A2,5.5,4.5,0,0,0,2051,3312,B,,2.0,,5.0,prime: newcomersâ†’everyone happily; adv: todayâ†’recently; name: Saraâ†’Maya
P028G,P028,G,critical,F05,count_noun_many_much,conc_count+many/much,100010,"For the picnic, Owen prepared the supplies.",Owen filled many baskets quickly.,basket,many baskets,3,yes,Owen,proper_name,,,5,33,7,6,2,4.07,B2,4.5,5.0,2,0,0,2051,2942,A,2.0,,2.0,,name: Noahâ†’Owen
P028U,P028,U,critical,F05,count_noun_many_much,conc_count+many/much,100010,"For the picnic, Owen prepared the supplies.",Owen filled much baskets quickly.,basket,much baskets,3,no,Owen,proper_name,,,5,33,7,6,2,4.07,B2,4.5,5.0,2,0,0,2051,2942,B,,4.0,,31.0,name: Noahâ†’Owen
P029G,P029,G,critical,F05,count_noun_many_much,conc_count+many/much,100010,"For the wedding, Nora organized the hall.",Nora decorated many tables beautifully.,table,many tables,3,yes,Nora,proper_name,,,5,39,7,5,2,5.05,A2,3.5,5.0,2,0,0,2051,2942,A,1.0,,14.0,,prime: venueâ†’hall; name: Lenaâ†’Nora
P029U,P029,U,critical,F05,count_noun_many_much,conc_count+many/much,100010,"For the wedding, Nora organized the hall.",Nora decorated much tables beautifully.,table,much tables,3,no,Nora,proper_name,,,5,39,7,5,2,5.05,A2,3.5,5.0,2,0,0,2051,2942,B,,1.0,,25.0,prime: venueâ†’hall; name: Lenaâ†’Nora
P030G,P030,G,critical,F05,count_noun_many_much,conc_count+many/much,100010,"For the recycling project, Sara collected materials.",Sara recycled many bottles yesterday.,bottle,many bottles,3,yes,Sara,proper_name,,,5,37,7,6,2,4.57,B1,4.0,5.0,2,0,0,2051,2942,A,2.0,,9.0,,name: Emmaâ†’Sara
P030U,P030,U,critical,F05,count_noun_many_much,conc_count+many/much,100010,"For the recycling project, Sara collected materials.",Sara recycled much bottles yesterday.,bottle,much bottles,3,no,Sara,proper_name,,,5,37,7,6,2,4.57,B1,4.0,5.0,2,0,0,2051,2942,B,,3.0,,29.0,name: Emmaâ†’Sara
P031G,P031,G,critical,F06,noncount_indefinite_article,abs_mass+a_some,101000,"When facing the problem, Nora asked her teacher.",Nora received some helpful advice.,advice,some helpful advice,3,yes,Nora,proper_name,,,5,34,8,6,2,4.88,B1,7.0,2.0,2,0,0,2051,3312,A,3.0,,33.0,,prime: mentorâ†’teacher
P031U,P031,U,critical,F06,noncount_indefinite_article,abs_mass+a_some,101000,"When facing the problem, Nora asked her teacher.",Nora received a helpful advice.,advice,a helpful advice,3,no,Nora,proper_name,,,5,31,8,6,2,4.88,B1,7.0,2.0,2,0,0,2051,3312,B,,1.0,,7.0,prime: mentorâ†’teacher
P032G,P032,G,critical,F06,noncount_indefinite_article,abs_mass+a_some,101000,"Before the difficult exam, Ren searched online thoroughly.",Ren discovered some valuable information.,information,some valuable information,3,yes,Ren,proper_name,,,5,41,8,11,4,5.43,A2,7.5,2.0,2,0,0,2051,3312,A,4.0,,4.0,,LEMMA: kindnessâ†’information; name: Owenâ†’Ren
P032U,P032,U,critical,F06,noncount_indefinite_article,abs_mass+a_some,101000,"Before the difficult exam, Ren searched online thoroughly.",Ren discovered a valuable information.,information,a valuable information,3,no,Ren,proper_name,,,5,38,8,11,4,5.43,A2,7.5,2.0,2,0,0,2051,3312,B,,3.0,,13.0,LEMMA: kindnessâ†’information; name: Owenâ†’Ren
P033G,P033,G,critical,F06,noncount_indefinite_article,abs_mass+a_some,101000,"Through her detective work, Sara investigated the case.",Sara presented some new evidence.,evidence,some new evidence,3,yes,Sara,proper_name,,,5,33,8,8,3,5.14,A2,10.5,2.5,0,0,0,2051,3312,A,2.0,,30.0,,LEMMA: wisdomâ†’evidence
P033U,P033,U,critical,F06,noncount_indefinite_article,abs_mass+a_some,101000,"Through her detective work, Sara investigated the case.",Sara presented a new evidence.,evidence,a new evidence,3,no,Sara,proper_name,,,5,30,8,8,3,5.14,A2,10.5,2.5,0,0,0,2051,3312,B,,2.0,,8.0,LEMMA: wisdomâ†’evidence
P034G,P034,G,critical,F06,noncount_indefinite_article,abs_mass+a_some,101000,"About the mistake, Aiden told the truth.",Aiden showed some clear honesty.,honesty,some clear honesty,3,yes,Aiden,proper_name,,,5,32,7,7,2,3.99,C1,8.0,1.8,0,0,0,2051,2942,A,3.0,,23.0,,prime: confessedâ†’told the truth; name: Noahâ†’Aiden
P034U,P034,U,critical,F06,noncount_indefinite_article,abs_mass+a_some,101000,"About the mistake, Aiden told the truth.",Aiden showed a clear honesty.,honesty,a clear honesty,3,no,Aiden,proper_name,,,5,29,7,7,2,3.99,C1,8.0,1.8,0,0,0,2051,2942,B,,4.0,,28.0,prime: confessedâ†’told the truth; name: Noahâ†’Aiden
P035G,P035,G,critical,F06,noncount_indefinite_article,abs_mass+a_some,101000,"After her presentation, Lena talked with her teacher.",Lena got some honest guidance.,guidance,some honest feedback,3,yes,Lena,proper_name,,,5,30,8,8,2,4.85,B1,8.0,2.0,0,0,0,2051,3312,A,1.0,,10.0,,LEMMA: angerâ†’feedback; prime: supervisorâ†’teacher
P035U,P035,U,critical,F06,noncount_indefinite_article,abs_mass+a_some,101000,"After her presentation, Lena talked with her teacher.",Lena got an honest guidance.,guidance,an honest feedback,3,no,Lena,proper_name,,,5,28,8,8,2,4.85,B1,8.0,2.0,0,0,0,2051,3312,B,,3.0,,31.0,LEMMA: angerâ†’feedback; prime: supervisorâ†’teacher
P036G,P036,G,critical,F06,noncount_indefinite_article,abs_mass+a_some,101000,"On the quiet Sunday afternoon, Ethan relaxed completely.",Ethan had some real leisure.,leisure,some real leisure,3,yes,Ethan,proper_name,,,5,28,8,7,1,3.92,C1,9.0,2.5,2,1,0,2051,3312,A,2.0,,25.0,,LEMMA: sadnessâ†’leisure; name: Emmaâ†’Ethan
P036U,P036,U,critical,F06,noncount_indefinite_article,abs_mass+a_some,101000,"On the quiet Sunday afternoon, Ethan relaxed completely.",Ethan had a real leisure.,leisure,a real leisure,3,no,Ethan,proper_name,,,5,25,8,7,1,3.92,C1,9.0,2.5,2,1,0,2051,3312,B,,2.0,,1.0,LEMMA: sadnessâ†’leisure; name: Emmaâ†’Ethan
P037G,P037,G,critical,F07,noncount_plural_error,abs_mass+plural,100100,"At the concert, Yuki enjoyed the performance deeply.",Yuki heard wonderful music yesterday.,music,music,4,yes,Yuki,proper_name,,,5,37,8,5,2,5.52,A1,4.5,3.0,1,0,0,2051,3312,A,3.0,,25.0,,name: Mayaâ†’Yuki
P037U,P037,U,critical,F07,noncount_plural_error,abs_mass+plural,100100,"At the concert, Yuki enjoyed the performance deeply.",Yuki heard wonderful musics yesterday.,music,musics,4,no,Yuki,proper_name,,,5,38,8,5,2,5.52,A1,4.5,3.0,1,0,0,2051,3312,B,,3.0,,11.0,name: Mayaâ†’Yuki
P038G,P038,G,critical,F07,noncount_plural_error,abs_mass+plural,100100,"During rush hour, Kenji drove home slowly.",Kenji experienced heavy traffic daily.,traffic,traffic,4,yes,Kenji,proper_name,,,5,38,7,7,2,4.85,B1,5.5,3.5,1,0,0,2051,2942,A,3.0,,13.0,,adv: todayâ†’daily; name: Owenâ†’Kenji
P038U,P038,U,critical,F07,noncount_plural_error,abs_mass+plural,100100,"During rush hour, Kenji drove home slowly.",Kenji experienced heavy traffics daily.,traffic,traffics,4,no,Kenji,proper_name,,,5,39,7,7,2,4.85,B1,5.5,3.5,1,0,0,2051,2942,B,,4.0,,26.0,adv: todayâ†’daily; name: Owenâ†’Kenji
P039G,P039,G,critical,F07,noncount_plural_error,abs_mass+plural,100100,"During the storm, Maya stayed inside carefully.",Maya watched terrible weather lately.,weather,weather,4,yes,Maya,proper_name,,,5,37,7,7,2,4.87,B1,4.5,3.5,0,0,0,2051,2942,A,1.0,,2.0,,adv: yesterdayâ†’lately; name: Saraâ†’Maya
P039U,P039,U,critical,F07,noncount_plural_error,abs_mass+plural,100100,"During the storm, Maya stayed inside carefully.",Maya watched terrible weathers lately.,weather,weathers,4,no,Maya,proper_name,,,5,38,7,7,2,4.87,B1,4.5,3.5,0,0,0,2051,2942,B,,1.0,,5.0,adv: yesterdayâ†’lately; name: Saraâ†’Maya
P040G,P040,G,critical,F07,noncount_plural_error,abs_mass+plural,100100,"On the mountain road, Tyler enjoyed the views.",Tyler admired beautiful scenery recently.,scenery,scenery,4,yes,Tyler,proper_name,,,5,41,8,7,1,3.68,C1,8.0,4.0,0,0,0,2051,3312,A,4.0,,31.0,,LEMMA: mailâ†’scenery; name: Noahâ†’Tyler
P040U,P040,U,critical,F07,noncount_plural_error,abs_mass+plural,100100,"On the mountain road, Tyler enjoyed the views.",Tyler admired beautiful sceneries recently.,scenery,sceneries,4,no,Tyler,proper_name,,,5,43,8,7,1,3.68,C1,8.0,4.0,0,0,0,2051,3312,B,,3.0,,2.0,LEMMA: mailâ†’scenery; name: Noahâ†’Tyler
P041G,P041,G,critical,F07,noncount_plural_error,abs_mass+plural,100100,"Before bedtime, Emma finished her assignments.",Emma completed difficult homework briefly.,homework,homework,4,yes,Emma,proper_name,,,5,42,6,8,2,4.13,B2,5.5,3.0,0,0,0,2051,2572,A,4.0,,1.0,,adv: yesterdayâ†’briefly; name: Lenaâ†’Emma
P041U,P041,U,critical,F07,noncount_plural_error,abs_mass+plural,100100,"Before bedtime, Emma finished her assignments.",Emma completed difficult homeworks briefly.,homework,homeworks,4,no,Emma,proper_name,,,5,43,6,8,2,4.13,B2,5.5,3.0,0,0,0,2051,2572,B,,4.0,,6.0,adv: yesterdayâ†’briefly; name: Lenaâ†’Emma
P042G,P042,G,critical,F07,noncount_plural_error,abs_mass+plural,100100,"Before the contest, Leo wished for success.",Leo needed good luck today.,luck,luck,4,yes,Leo,proper_name,,,5,27,7,4,1,4.91,B1,5.5,1.8,0,0,0,2051,2942,A,2.0,,22.0,,name: Emmaâ†’Leo
P042U,P042,U,critical,F07,noncount_plural_error,abs_mass+plural,100100,"Before the contest, Leo wished for success.",Leo needed good lucks today.,luck,lucks,4,no,Leo,proper_name,,,5,28,7,4,1,4.91,B1,5.5,1.8,0,0,0,2051,2942,B,,2.0,,26.0,name: Emmaâ†’Leo
P043G,P043,G,critical,F08,count_to_mass_food_context,count2mass_food,110010,Emma cooked the soft vegetable in the soup.,Emma used too much carrot.,carrot,much carrot,4,yes,Emma,proper_name,,,5,26,8,6,2,3.62,C1,4.0,5.0,0,0,1,2051,3162,B,,2.0,,16.0,prime: gratingâ†’cooked-soft; name: Mayaâ†’Emma
P043U,P043,U,critical,F08,count_to_mass_food_context,count2mass_food,110010,Emma cooked the soft vegetable in the soup.,Emma used too many carrot.,carrot,many carrot,4,no,Emma,proper_name,,,5,26,8,6,2,3.62,C1,4.0,5.0,0,0,1,2051,3162,A,4.0,,26.0,,prime: gratingâ†’cooked-soft; name: Mayaâ†’Emma
P044G,P044,G,critical,F08,count_to_mass_food_context,count2mass_food,110010,Noah cut the vegetable into very small pieces.,Noah added too much onion.,onion,much onion,4,yes,Noah,proper_name,,,5,26,8,5,1,3.89,C1,4.5,5.0,0,0,1,2051,3162,B,,1.0,,30.0,prime: choppingâ†’cut-small; name: Owenâ†’Noah
P044U,P044,U,critical,F08,count_to_mass_food_context,count2mass_food,110010,Noah cut the vegetable into very small pieces.,Noah added too many onion.,onion,many onion,4,no,Noah,proper_name,,,5,26,8,5,1,3.89,C1,4.5,5.0,0,0,1,2051,3162,A,2.0,,27.0,,prime: choppingâ†’cut-small; name: Owenâ†’Noah
P045G,P045,G,critical,F08,count_to_mass_food_context,count2mass_food,110010,Mira cooked the fruit until it became creamy.,Mira spread too much strawberry.,strawberry,much strawberry,4,yes,Mira,proper_name,,,5,32,8,10,3,3.72,C1,4.0,5.0,2,0,1,2051,3162,B,,4.0,,24.0,LEMMA: chickenâ†’strawberry; verb: mixedâ†’spread; name: Saraâ†’Mira
P045U,P045,U,critical,F08,count_to_mass_food_context,count2mass_food,110010,Mira cooked the fruit until it became creamy.,Mira spread too many strawberry.,strawberry,many strawberry,4,no,Mira,proper_name,,,5,32,8,10,3,3.72,C1,4.0,5.0,2,0,1,2051,3162,A,3.0,,5.0,,LEMMA: chickenâ†’strawberry; verb: mixedâ†’spread; name: Saraâ†’Mira
P046G,P046,G,critical,F08,count_to_mass_food_context,count2mass_food,110010,Leo boiled the fruit until it became thin.,Leo blended too much tomato.,tomato,much tomato,4,yes,Leo,proper_name,,,5,28,8,6,2,3.85,C1,4.0,5.0,2,0,1,2051,3162,B,,1.0,,9.0,prime: crushingâ†’boiled-thin; name: Noahâ†’Leo
P046U,P046,U,critical,F08,count_to_mass_food_context,count2mass_food,110010,Leo boiled the fruit until it became thin.,Leo blended too many tomato.,tomato,many tomato,4,no,Leo,proper_name,,,5,28,8,6,2,3.85,C1,4.0,5.0,2,0,1,2051,3162,A,1.0,,9.0,,prime: crushingâ†’boiled-thin; name: Noahâ†’Leo
P047G,P047,G,critical,F08,count_to_mass_food_context,count2mass_food,110010,Lena cut the vegetable into thin strips.,Lena tossed too much cabbage.,cabbage,much mushroom,4,yes,Lena,proper_name,,,5,29,7,7,2,4.45,B2,5.0,5.0,0,0,1,2051,2792,B,,3.0,,23.0,LEMMA: pepperâ†’mushroom; verb: sprinkledâ†’tossed
P047U,P047,U,critical,F08,count_to_mass_food_context,count2mass_food,110010,Lena cut the vegetable into thin strips.,Lena tossed too many cabbage.,cabbage,many mushroom,4,no,Lena,proper_name,,,5,29,7,7,2,4.45,B2,5.0,5.0,0,0,1,2051,2792,A,1.0,,31.0,,LEMMA: pepperâ†’mushroom; verb: sprinkledâ†’tossed
P048G,P048,G,critical,F08,count_to_mass_food_context,count2mass_food,110010,Tyler pressed the fruit until it became soft.,Tyler mixed too much blueberry.,blueberry,much blueberry,4,yes,Tyler,proper_name,,,5,31,8,9,3,3.3,C1,4.5,5.0,2,0,1,2051,3162,B,,4.0,,32.0,LEMMA: garlicâ†’blueberry; verb: stirredâ†’included; name: Emmaâ†’Tyler
P048U,P048,U,critical,F08,count_to_mass_food_context,count2mass_food,110010,Tyler pressed the fruit until it became soft.,Tyler mixed too many blueberry.,blueberry,many blueberry,4,no,Tyler,proper_name,,,5,31,8,9,3,3.3,C1,4.5,5.0,2,0,1,2051,3162,A,4.0,,22.0,,LEMMA: garlicâ†’blueberry; verb: stirredâ†’included; name: Emmaâ†’Tyler
P049G,P049,G,critical,F09,mass_to_serving_count,mass2serving,110100,Maya sat in the cafe noticing separate cups.,Maya had three coffees today.,coffee,three coffees,3,yes,Maya,proper_name,,,5,29,8,6,2,4.86,B1,5.0,5.0,2,0,0,2051,3162,B,,1.0,,21.0,no
P049U,P049,U,critical,F09,mass_to_serving_count,mass2serving,110100,Maya sat in the cafe noticing separate cups.,Maya had three coffee today.,coffee,three coffee,3,no,Maya,proper_name,,,5,28,8,6,2,4.86,B1,5.0,5.0,2,0,0,2051,3162,A,3.0,,8.0,,no
P050G,P050,G,critical,F09,mass_to_serving_count,mass2serving,110100,Owen entered the shop offering hot drinks separately.,Owen drank two teas yesterday.,tea,two teas,3,yes,Owen,proper_name,,,5,30,8,3,1,4.73,B1,4.5,5.0,1,0,0,2051,3162,B,,2.0,,30.0,no
P050U,P050,U,critical,F09,mass_to_serving_count,mass2serving,110100,Owen entered the shop offering hot drinks separately.,Owen drank two tea yesterday.,tea,two tea,3,no,Owen,proper_name,,,5,29,8,3,1,4.73,B1,4.5,5.0,1,0,0,2051,3162,A,1.0,,23.0,,no
P051G,P051,G,critical,F09,mass_to_serving_count,mass2serving,110100,Kenji visited the cafe with separate fruit drinks.,Kenji enjoyed four juices lately.,juice,four juices,3,yes,Kenji,proper_name,,,5,33,8,5,1,4.36,B2,3.5,5.0,2,0,0,2051,3162,B,,4.0,,22.0,adv: todayâ†’lately; name: Saraâ†’Kenji
P051U,P051,U,critical,F09,mass_to_serving_count,mass2serving,110100,Kenji visited the cafe with separate fruit drinks.,Kenji enjoyed four juice lately.,juice,four juice,3,no,Kenji,proper_name,,,5,32,8,5,1,4.36,B2,3.5,5.0,2,0,0,2051,3162,A,4.0,,29.0,,adv: todayâ†’lately; name: Saraâ†’Kenji
P052G,P052,G,critical,F09,mass_to_serving_count,mass2serving,110100,Tyler ate at the diner with separate bowls.,Tyler tried three soups recently.,soup,three soups,3,yes,Tyler,proper_name,,,5,33,8,4,1,4.15,B2,3.5,5.0,2,0,0,2051,3162,B,,3.0,,4.0,prime: dinedâ†’ate; adv: yesterdayâ†’recently; name: Noahâ†’Tyler
P052U,P052,U,critical,F09,mass_to_serving_count,mass2serving,110100,Tyler ate at the diner with separate bowls.,Tyler tried three soup recently.,soup,three soup,3,no,Tyler,proper_name,,,5,32,8,4,1,4.15,B2,3.5,5.0,2,0,0,2051,3162,A,2.0,,12.0,,prime: dinedâ†’ate; adv: yesterdayâ†’recently; name: Noahâ†’Tyler
P053G,P053,G,critical,F09,mass_to_serving_count,mass2serving,110100,Aya browsed the cafeteria with individual cartons.,Aya bought two milks daily.,milk,two milks,3,yes,Aya,proper_name,,,5,27,7,4,1,4.66,B1,3.0,5.0,2,0,0,2051,2792,B,,2.0,,9.0,adv: todayâ†’daily; name: Lenaâ†’Aya
P053U,P053,U,critical,F09,mass_to_serving_count,mass2serving,110100,Aya browsed the cafeteria with individual cartons.,Aya bought two milk daily.,milk,two milk,3,no,Aya,proper_name,,,5,26,7,4,1,4.66,B1,3.0,5.0,2,0,0,2051,2792,A,2.0,,20.0,,adv: todayâ†’daily; name: Lenaâ†’Aya
P054G,P054,G,critical,F09,mass_to_serving_count,mass2serving,110100,Leo chose the restaurant listing bottled drinks.,Leo ordered three waters quickly.,water,three waters,3,yes,Leo,proper_name,,,5,33,7,5,2,5.52,A1,3.0,5.0,0,0,0,2051,2792,B,,1.0,,23.0,adv: todayâ†’quickly; name: Emmaâ†’Leo
P054U,P054,U,critical,F09,mass_to_serving_count,mass2serving,110100,Leo chose the restaurant listing bottled drinks.,Leo ordered three water quickly.,water,three water,3,no,Leo,proper_name,,,5,32,7,5,2,5.52,A1,3.0,5.0,0,0,0,2051,2792,A,1.0,,17.0,,adv: todayâ†’quickly; name: Emmaâ†’Leo
P055G,P055,G,critical,F10,mass_to_kind_count,mass2kind,110100,Sara tried many different red drinks recently.,These wines taste really mild.,wine,These wines,1,yes,Sara,proper_name,,,5,30,7,4,1,4.74,B1,7.0,5.0,2,0,0,2051,2792,B,,2.0,,22.0,prime: vineyardâ†’red drinks; name: Mayaâ†’Sara
P055U,P055,U,critical,F10,mass_to_kind_count,mass2kind,110100,Sara tried many different red drinks recently.,These wine taste really mild.,wine,These wine,1,no,Sara,proper_name,,,5,29,7,4,1,4.74,B1,7.0,5.0,2,0,0,2051,2792,A,2.0,,31.0,,prime: vineyardâ†’red drinks; name: Mayaâ†’Sara
P056G,P056,G,critical,F10,mass_to_kind_count,mass2kind,110100,Noah sampled many different aged kinds today.,These cheeses smell really sharp.,cheese,These cheeses,1,yes,Noah,proper_name,,,5,33,7,6,1,4.57,B1,4.0,5.0,2,0,0,2051,2792,B,,3.0,,28.0,prime: artisanâ†’aged kinds; verb: tasteâ†’smell; name: Owenâ†’Noah
P056U,P056,U,critical,F10,mass_to_kind_count,mass2kind,110100,Noah sampled many different aged kinds today.,These cheese smell really sharp.,cheese,These cheese,1,no,Noah,proper_name,,,5,32,7,6,1,4.57,B1,4.0,5.0,2,0,0,2051,2792,A,1.0,,20.0,,prime: artisanâ†’aged kinds; verb: tasteâ†’smell; name: Owenâ†’Noah
P057G,P057,G,critical,F10,mass_to_kind_count,mass2kind,110100,Lena compared many different cooking liquids today.,These oils feel really smooth.,oil,These oils,1,yes,Lena,proper_name,,,5,30,7,3,1,5.1,A2,5.0,4.8,2,0,0,2051,2792,B,,1.0,,28.0,prime simplified; verb: tasteâ†’feel; name: Saraâ†’Lena
P057U,P057,U,critical,F10,mass_to_kind_count,mass2kind,110100,Lena compared many different cooking liquids today.,These oil feel really smooth.,oil,These oil,1,no,Lena,proper_name,,,5,29,7,3,1,5.1,A2,5.0,4.8,2,0,0,2051,2792,A,3.0,,9.0,,prime simplified; verb: tasteâ†’feel; name: Saraâ†’Lena
P058G,P058,G,critical,F10,mass_to_kind_count,mass2kind,110100,Emma tried many different sharp flavors today.,These vinegars smell really sour.,vinegar,These vinegars,1,yes,Emma,proper_name,,,5,33,7,7,2,3.64,C1,7.0,4.8,0,0,0,2051,2792,B,,2.0,,6.0,LEMMA: breadâ†’vinegar; verb: tasteâ†’smell; adj: tangyâ†’sour; name: Noahâ†’Emma
P058U,P058,U,critical,F10,mass_to_kind_count,mass2kind,110100,Emma tried many different sharp flavors today.,These vinegar smell really sour.,vinegar,These vinegar,1,no,Emma,proper_name,,,5,32,7,7,2,3.64,C1,7.0,4.8,0,0,0,2051,2792,A,4.0,,14.0,,LEMMA: breadâ†’vinegar; verb: tasteâ†’smell; adj: tangyâ†’sour; name: Noahâ†’Emma
P059G,P059,G,critical,F10,mass_to_kind_count,mass2kind,110100,Tyler visited the bee farm with different samples.,These honeys taste really sweet.,honey,These honeys,1,yes,Tyler,proper_name,,,5,32,8,5,2,4.37,B2,5.0,4.8,1,0,0,2051,3162,B,,4.0,,15.0,LEMMA: chocolateâ†’honey; prime: chocolatierâ†’bee farm; adj: richâ†’sweet; name: Lenaâ†’Tyler
P059U,P059,U,critical,F10,mass_to_kind_count,mass2kind,110100,Tyler visited the bee farm with different samples.,These honey taste really sweet.,honey,These honey,1,no,Tyler,proper_name,,,5,31,8,5,2,4.37,B2,5.0,4.8,1,0,0,2051,3162,A,3.0,,18.0,,LEMMA: chocolateâ†’honey; prime: chocolatierâ†’bee farm; adj: richâ†’sweet; name: Lenaâ†’Tyler
P060G,P060,G,critical,F10,mass_to_kind_count,mass2kind,110100,Aiden visited the farm with different sweet jars.,These jams look really fresh.,jam,These jams,1,yes,Aiden,proper_name,,,5,29,8,3,1,4.17,B2,4.5,4.8,2,0,0,2051,3162,B,,3.0,,12.0,LEMMA: butterâ†’jam; prime: dairyâ†’farm; verb: tasteâ†’look; adj: creamyâ†’fresh; name: Emmaâ†’Aiden
P060U,P060,U,critical,F10,mass_to_kind_count,mass2kind,110100,Aiden visited the farm with different sweet jars.,These jam look really fresh.,jam,These jam,1,no,Aiden,proper_name,,,5,28,8,3,1,4.17,B2,4.5,4.8,2,0,0,2051,3162,A,2.0,,28.0,,LEMMA: butterâ†’jam; prime: dairyâ†’farm; verb: tasteâ†’look; adj: creamyâ†’fresh; name: Emmaâ†’Aiden
P061G,P061,G,critical,F11,fixed_noncount_plural_error,fixed_noncount+plural,000101,"When decorating her new apartment, Nora visited shops.",Nora arranged beautiful furniture gently.,furniture,furniture,4,yes,Nora,proper_name,,,5,41,8,9,3,4.29,B2,6.0,4.5,0,0,0,2051,3312,B,,3.0,,27.0,adv: todayâ†’gently; name: Miraâ†’Nora
P061U,P061,U,critical,F11,fixed_noncount_plural_error,fixed_noncount+plural,000101,"When decorating her new apartment, Nora visited shops.",Nora arranged beautiful furnitures gently.,furniture,furnitures,4,no,Nora,proper_name,,,5,42,8,9,3,4.29,B2,6.0,4.5,0,0,0,2051,3312,A,4.0,,32.0,,adv: todayâ†’gently; name: Miraâ†’Nora
P062G,P062,G,critical,F11,fixed_noncount_plural_error,fixed_noncount+plural,000101,"Before the camping trip, Owen searched the store.",Owen rented expensive equipment yesterday.,equipment,equipment,4,yes,Owen,proper_name,,,5,42,8,9,2,4.88,B1,7.5,4.3,0,0,0,2051,3312,B,,2.0,,19.0,no
P062U,P062,U,critical,F11,fixed_noncount_plural_error,fixed_noncount+plural,000101,"Before the camping trip, Owen searched the store.",Owen rented expensive equipments yesterday.,equipment,equipments,4,no,Owen,proper_name,,,5,43,8,9,2,4.88,B1,7.5,4.3,0,0,0,2051,3312,A,4.0,,10.0,,no
P063G,P063,G,critical,F11,fixed_noncount_plural_error,fixed_noncount+plural,000101,"Before the international flight, Aya packed carefully.",Aya checked heavy luggage recently.,luggage,luggage,4,yes,Aya,proper_name,,,5,35,7,7,2,3.8,C1,6.5,4.8,0,0,0,2051,2942,B,,4.0,,1.0,adv: todayâ†’recently
P063U,P063,U,critical,F11,fixed_noncount_plural_error,fixed_noncount+plural,000101,"Before the international flight, Aya packed carefully.",Aya checked heavy luggages recently.,luggage,luggages,4,no,Aya,proper_name,,,5,36,7,7,2,3.8,C1,6.5,4.8,0,0,0,2051,2942,A,1.0,,5.0,,adv: todayâ†’recently
P064G,P064,G,critical,F11,fixed_noncount_plural_error,fixed_noncount+plural,000101,"For the winter season, Ren explored the mall.",Ren purchased warm clothing lately.,clothing,clothing,4,yes,Ren,proper_name,,,5,35,8,8,2,4.47,B2,7.0,4.5,0,0,0,2051,3312,B,,3.0,,9.0,adv: yesterdayâ†’lately; name: Tylerâ†’Ren
P064U,P064,U,critical,F11,fixed_noncount_plural_error,fixed_noncount+plural,000101,"For the winter season, Ren explored the mall.",Ren purchased warm clothings lately.,clothing,clothings,4,no,Ren,proper_name,,,5,36,8,8,2,4.47,B2,7.0,4.5,0,0,0,2051,3312,A,3.0,,1.0,,adv: yesterdayâ†’lately; name: Tylerâ†’Ren
P065G,P065,G,critical,F11,fixed_noncount_plural_error,fixed_noncount+plural,000101,"Before the wedding party, Yuki browsed the store.",Yuki selected expensive jewelry briefly.,jewelry,jewelry,4,yes,Yuki,proper_name,,,5,40,8,7,3,4.12,B2,6.5,4.8,2,0,0,2051,3312,B,,4.0,,27.0,adv: todayâ†’briefly
P065U,P065,U,critical,F11,fixed_noncount_plural_error,fixed_noncount+plural,000101,"Before the wedding party, Yuki browsed the store.",Yuki selected expensive jewelries briefly.,jewelry,jewelries,4,no,Yuki,proper_name,,,5,42,8,7,3,4.12,B2,6.5,4.8,2,0,0,2051,3312,A,3.0,,11.0,,adv: todayâ†’briefly
P066G,P066,G,critical,F11,fixed_noncount_plural_error,fixed_noncount+plural,000101,"Before the trip, Kenji visited the outdoor store.",Kenji bought new footwear nearby.,footwear,footwear,4,yes,Kenji,proper_name,,,5,33,8,8,1,3.42,C1,8.0,4.8,0,0,0,2051,3312,B,,1.0,,12.0,LEMMA: softwareâ†’footwear; adv: yesterdayâ†’nearby
P066U,P066,U,critical,F11,fixed_noncount_plural_error,fixed_noncount+plural,000101,"Before the trip, Kenji visited the outdoor store.",Kenji bought new footwears nearby.,footwear,footwears,4,no,Kenji,proper_name,,,5,34,8,8,1,3.42,C1,8.0,4.8,0,0,0,2051,3312,A,2.0,,21.0,,LEMMA: softwareâ†’footwear; adv: yesterdayâ†’nearby
P067G,P067,G,critical,F12,plural_only_pair_nouns,plurale_tantum+agreement,000101,"At the clothing store, Nora found new items.",These jeans look really comfortable.,jeans,These jeans,1,yes,Nora,proper_name,,,5,36,8,5,1,4.09,B2,5.5,5.0,2,0,0,2051,3312,B,,4.0,,7.0,no
P067U,P067,U,critical,F12,plural_only_pair_nouns,plurale_tantum+agreement,000101,"At the clothing store, Nora found new items.",This jeans looks really comfortable.,jeans,This jeans,1,no,Nora,proper_name,,,5,36,8,5,1,4.09,B2,5.5,5.0,2,0,0,2051,3312,A,1.0,,33.0,,no
P068G,P068,G,critical,F12,plural_only_pair_nouns,plurale_tantum+agreement,000101,"For the summer trip, Ren packed lighter clothes.",These shorts seem really cool.,shorts,These shorts,1,yes,Ren,proper_name,,,5,30,8,6,1,4.07,B2,5.0,5.0,2,1,0,2051,3312,B,,4.0,,29.0,no
P068U,P068,U,critical,F12,plural_only_pair_nouns,plurale_tantum+agreement,000101,"For the summer trip, Ren packed lighter clothes.",This shorts seems really cool.,shorts,This shorts,1,no,Ren,proper_name,,,5,30,8,6,1,4.07,B2,5.0,5.0,2,1,0,2051,3312,A,2.0,,13.0,,no
P069G,P069,G,critical,F12,plural_only_pair_nouns,plurale_tantum+agreement,000101,"On the bright sunny day, Maya looked outside.",These sunglasses fit really well.,sunglasses,These sunglasses,1,yes,Maya,proper_name,,,5,33,8,10,3,3.72,C1,5.0,5.0,2,0,0,2051,3312,B,,3.0,,21.0,prime: squintedâ†’looked
P069U,P069,U,critical,F12,plural_only_pair_nouns,plurale_tantum+agreement,000101,"On the bright sunny day, Maya looked outside.",This sunglasses fits really well.,sunglasses,This sunglasses,1,no,Maya,proper_name,,,5,33,8,10,3,3.72,C1,5.0,5.0,2,0,0,2051,3312,A,1.0,,13.0,,prime: squintedâ†’looked
P070G,P070,G,critical,F12,plural_only_pair_nouns,plurale_tantum+agreement,000101,"For the craft project, Aiden opened the drawer.",These scissors cut really smoothly.,scissors,These scissors,1,yes,Aiden,proper_name,,,5,35,8,8,2,3.58,C1,4.5,5.0,0,0,0,2051,3312,B,,2.0,,28.0,no
P070U,P070,U,critical,F12,plural_only_pair_nouns,plurale_tantum+agreement,000101,"For the craft project, Aiden opened the drawer.",This scissors cuts really smoothly.,scissors,This scissors,1,no,Aiden,proper_name,,,5,35,8,8,2,3.58,C1,4.5,5.0,0,0,0,2051,3312,A,3.0,,15.0,,no
P071G,P071,G,critical,F12,plural_only_pair_nouns,plurale_tantum+agreement,000101,"For the long flight, Lena packed her things.",These headphones sound really clear.,headphones,These headphones,1,yes,Lena,proper_name,,,5,36,8,10,2,3.88,C1,7.0,5.0,2,0,0,2051,3312,B,,1.0,,15.0,prime: gadgetsâ†’things
P071U,P071,U,critical,F12,plural_only_pair_nouns,plurale_tantum+agreement,000101,"For the long flight, Lena packed her things.",This headphones sounds really clear.,headphones,This headphones,1,no,Lena,proper_name,,,5,36,8,10,2,3.88,C1,7.0,5.0,2,0,0,2051,3312,A,4.0,,5.0,,prime: gadgetsâ†’things
P072G,P072,G,critical,F12,plural_only_pair_nouns,plurale_tantum+agreement,000101,"For the overnight trip, Ethan packed comfortable clothes.",These pajamas feel really soft.,pajamas,These pajamas,1,yes,Ethan,proper_name,,,5,31,8,7,3,3.31,C1,4.5,5.0,2,0,0,2051,3312,B,,1.0,,20.0,prime: slumber partyâ†’overnight trip
P072U,P072,U,critical,F12,plural_only_pair_nouns,plurale_tantum+agreement,000101,"For the overnight trip, Ethan packed comfortable clothes.",This pajamas feels really soft.,pajamas,This pajamas,1,no,Ethan,proper_name,,,5,31,8,7,3,3.31,C1,4.5,5.0,2,0,0,2051,3312,A,4.0,,15.0,,prime: slumber partyâ†’overnight trip
P073G,P073,G,critical,F13,concrete_mass_many_much,conc_mass+much/many,100010,Aya worked at the recycling center sorting materials.,Aya gathered much plastic weekly.,plastic,much plastic,3,yes,Aya,proper_name,,,5,33,8,7,2,4.51,B1,6.0,4.8,2,0,0,2051,3162,B,,2.0,,12.0,new (Batch 5)
P073U,P073,U,critical,F13,concrete_mass_many_much,conc_mass+much/many,100010,Aya worked at the recycling center sorting materials.,Aya gathered many plastic weekly.,plastic,many plastic,3,no,Aya,proper_name,,,5,33,8,7,2,4.51,B1,6.0,4.8,2,0,0,2051,3162,A,1.0,,27.0,,new (Batch 5)
P074G,P074,G,critical,F13,concrete_mass_many_much,conc_mass+much/many,100010,"At the construction site, Leo organized building materials.",Leo found much metal lately.,metal,much metal,3,yes,Leo,proper_name,,,5,28,8,5,2,4.82,B1,6.5,5.0,0,0,0,2051,3312,B,,3.0,,3.0,new (Batch 5)
P074U,P074,U,critical,F13,concrete_mass_many_much,conc_mass+much/many,100010,"At the construction site, Leo organized building materials.",Leo found many metal lately.,metal,many metal,3,no,Leo,proper_name,,,5,28,8,5,2,4.82,B1,6.5,5.0,0,0,0,2051,3312,A,2.0,,34.0,,new (Batch 5)
P075G,P075,G,critical,F13,concrete_mass_many_much,conc_mass+much/many,100010,"At the fashion shop, Emma checked bag samples.",Emma needed much leather often.,leather,much leather,3,yes,Emma,proper_name,,,5,31,8,7,1,4.35,B2,7.0,4.8,0,0,0,2051,3312,B,,1.0,,1.0,new (Batch 5)
P075U,P075,U,critical,F13,concrete_mass_many_much,conc_mass+much/many,100010,"At the fashion shop, Emma checked bag samples.",Emma needed many leather often.,leather,many leather,3,no,Emma,proper_name,,,5,31,8,7,1,4.35,B2,7.0,4.8,0,0,0,2051,3312,A,3.0,,24.0,,new (Batch 5)
P076G,P076,G,critical,F13,concrete_mass_many_much,conc_mass+much/many,100010,Ren worked at the jewelry shop cleaning items.,Ren collected much silver carefully.,silver,much silver,3,yes,Ren,proper_name,,,5,36,8,6,2,4.81,B1,5.0,4.8,0,0,0,2051,3162,B,,1.0,,4.0,new (Batch 5)
P076U,P076,U,critical,F13,concrete_mass_many_much,conc_mass+much/many,100010,Ren worked at the jewelry shop cleaning items.,Ren collected many silver carefully.,silver,many silver,3,no,Ren,proper_name,,,5,36,8,6,2,4.81,B1,5.0,4.8,0,0,0,2051,3162,A,1.0,,30.0,,new (Batch 5)
P077G,P077,G,critical,F13,concrete_mass_many_much,conc_mass+much/many,100010,"When baking cookies, Mira measured sweet ingredients.",Mira added much sugar slowly.,sugar,much sugar,3,yes,Mira,proper_name,,,5,29,7,5,2,4.68,B1,4.0,4.8,0,0,0,2051,2942,B,,4.0,,17.0,new (Batch 5)
P077U,P077,U,critical,F13,concrete_mass_many_much,conc_mass+much/many,100010,"When baking cookies, Mira measured sweet ingredients.",Mira added many sugar slowly.,sugar,many sugar,3,no,Mira,proper_name,,,5,29,7,5,2,4.68,B1,4.0,4.8,0,0,0,2051,2942,A,4.0,,7.0,,new (Batch 5)
P078G,P078,G,critical,F13,concrete_mass_many_much,conc_mass+much/many,100010,"After the school festival, Noah cleaned the playground.",Noah collected much garbage daily.,garbage,much garbage,3,yes,Noah,proper_name,,,5,34,8,7,1,4.18,B2,5.5,4.5,0,0,0,2051,3312,B,,2.0,,2.0,new (Batch 5)
P078U,P078,U,critical,F13,concrete_mass_many_much,conc_mass+much/many,100010,"After the school festival, Noah cleaned the playground.",Noah collected many garbage daily.,garbage,many garbage,3,no,Noah,proper_name,,,5,34,8,7,1,4.18,B2,5.5,4.5,0,0,0,2051,3312,A,2.0,,10.0,,new (Batch 5)
P079G,P079,G,critical,F14,abstract_count_plural_after_numeral,abs_count+numeral+plural,000100,"At the team meeting, Yuki led the discussion.",Yuki raised three topics briefly.,topic,three topics,3,yes,Yuki,proper_name,,,5,33,8,5,2,4.49,B2,8.0,2.5,2,0,0,2051,3312,B,,2.0,,21.0,new (Batch 5)
P079U,P079,U,critical,F14,abstract_count_plural_after_numeral,abs_count+numeral+plural,000100,"At the team meeting, Yuki led the discussion.",Yuki raised three topic briefly.,topic,three topic,3,no,Yuki,proper_name,,,5,32,8,5,2,4.49,B2,8.0,2.5,2,0,0,2051,3312,A,2.0,,17.0,,new (Batch 5)
P080G,P080,G,critical,F14,abstract_count_plural_after_numeral,abs_count+numeral+plural,000100,"When arriving late, Ethan apologized to the teacher.",Ethan made four excuses already.,excuse,four excuses,3,yes,Ethan,proper_name,,,5,32,8,6,2,4.56,B1,6.0,2.5,1,0,0,2051,3312,B,,1.0,,32.0,new (Batch 5)
P080U,P080,U,critical,F14,abstract_count_plural_after_numeral,abs_count+numeral+plural,000100,"When arriving late, Ethan apologized to the teacher.",Ethan made four excuse already.,excuse,four excuse,3,no,Ethan,proper_name,,,5,31,8,6,2,4.56,B1,6.0,2.5,1,0,0,2051,3312,A,2.0,,4.0,,new (Batch 5)
P081G,P081,G,critical,F14,abstract_count_plural_after_numeral,abs_count+numeral+plural,000100,"While editing her report, Lena checked the work.",Lena found five errors easily.,error,five errors,3,yes,Lena,proper_name,,,5,30,8,5,2,4.55,B1,8.5,2.8,2,0,0,2051,3312,B,,2.0,,27.0,new (Batch 5)
P081U,P081,U,critical,F14,abstract_count_plural_after_numeral,abs_count+numeral+plural,000100,"While editing her report, Lena checked the work.",Lena found five error easily.,error,five error,3,no,Lena,proper_name,,,5,29,8,5,2,4.55,B1,8.5,2.8,2,0,0,2051,3312,A,4.0,,24.0,,new (Batch 5)
P082G,P082,G,critical,F14,abstract_count_plural_after_numeral,abs_count+numeral+plural,000100,Tyler joined the history class discussion this week.,Tyler expressed six beliefs strongly.,belief,six beliefs,3,yes,Tyler,proper_name,,,5,37,8,6,2,4.46,B2,8.5,2.0,0,0,0,2051,3162,B,,3.0,,33.0,new (Batch 5)
P082U,P082,U,critical,F14,abstract_count_plural_after_numeral,abs_count+numeral+plural,000100,Tyler joined the history class discussion this week.,Tyler expressed six belief strongly.,belief,six belief,3,no,Tyler,proper_name,,,5,36,8,6,2,4.46,B2,8.5,2.0,0,0,0,2051,3162,A,3.0,,6.0,,new (Batch 5)
P083G,P083,G,critical,F14,abstract_count_plural_after_numeral,abs_count+numeral+plural,000100,"On the camping trip, Nora entertained the children.",Nora told seven legends nicely.,legend,seven legends,3,yes,Nora,proper_name,,,5,31,8,6,2,4.44,B2,7.0,3.0,2,0,0,2051,3312,B,,4.0,,20.0,new (Batch 5)
P083U,P083,U,critical,F14,abstract_count_plural_after_numeral,abs_count+numeral+plural,000100,"On the camping trip, Nora entertained the children.",Nora told seven legend nicely.,legend,seven legend,3,no,Nora,proper_name,,,5,30,8,6,2,4.44,B2,7.0,3.0,2,0,0,2051,3312,A,1.0,,19.0,,new (Batch 5)
P084G,P084,G,critical,F14,abstract_count_plural_after_numeral,abs_count+numeral+plural,000100,"Before the company meeting, Aiden prepared documents.",Aiden wrote four proposals neatly.,proposal,four proposals,3,yes,Aiden,proper_name,,,5,34,7,8,3,4.47,B2,10.0,2.5,1,0,0,2051,2942,B,,3.0,,25.0,new (Batch 5)
P084U,P084,U,critical,F14,abstract_count_plural_after_numeral,abs_count+numeral+plural,000100,"Before the company meeting, Aiden prepared documents.",Aiden wrote four proposal neatly.,proposal,four proposal,3,no,Aiden,proper_name,,,5,33,7,8,3,4.47,B2,10.0,2.5,1,0,0,2051,2942,A,3.0,,12.0,,new (Batch 5)
GF01,GF01,GF,G_filler,G_filler,G_filler,filler,,"In the empty library, the books waited silently.",The textbook sang loudly yesterday.,,,-1,yes,,no_subject_name,inanimate_animate,none,5,35,8,0,0,,C1,,,0,0,0,2051,3312,AB,4.0,4.0,25.0,14.0,
GF02,GF02,GF,G_filler,G_filler,G_filler,filler,,"On the kitchen counter, ingredients sat waiting.",The flour danced quickly today.,,,-1,yes,,no_subject_name,inanimate_animate,none,5,31,7,0,0,,C1,,,0,0,0,2051,2942,AB,1.0,2.0,7.0,33.0,
GF03,GF03,GF,G_filler,G_filler,G_filler,filler,,"In the rainy garden, water collected slowly.",The roses argued loudly yesterday.,,,-1,yes,,no_subject_name,inanimate_animate,none,5,34,7,0,0,,C1,,,0,0,0,2051,2942,AB,1.0,3.0,8.0,6.0,
GF04,GF04,GF,G_filler,G_filler,G_filler,filler,,"During the heavy storm, trees swayed strongly.",The thunder laughed boldly today.,,,-1,yes,,no_subject_name,inanimate_animate,none,5,33,7,0,0,,C1,,,0,0,0,2051,2942,AB,3.0,1.0,22.0,33.0,
GF05,GF05,GF,G_filler,G_filler,G_filler,filler,,"In the small bedroom, items rested quietly.",The pillow yelled angrily yesterday.,,,-1,yes,,no_subject_name,inanimate_animate,none,5,36,7,0,0,,C1,,,0,0,0,2051,2942,AB,1.0,4.0,1.0,8.0,
GF06,GF06,GF,G_filler,G_filler,G_filler,filler,,"In her kitchen, Maya prepared various meals.",Maya cooked her dictionary quietly.,,,-1,yes,Maya,proper_name,verb_object_mismatch,none,5,35,7,0,0,,C1,,,0,0,0,2051,2942,AB,3.0,1.0,10.0,26.0,
GF07,GF07,GF,G_filler,G_filler,G_filler,filler,,"At the music store, Owen examined merchandise.",Owen polished the cloud carefully.,,,-1,yes,Owen,proper_name,verb_object_mismatch,none,5,34,7,0,0,,C1,,,0,0,0,2051,2942,AB,4.0,2.0,27.0,25.0,
GF08,GF08,GF,G_filler,G_filler,G_filler,filler,,"In the park, Sara enjoyed the weather.",Sara folded the sunshine neatly.,,,-1,yes,Sara,proper_name,verb_object_mismatch,none,5,32,7,0,0,,C1,,,0,0,0,2051,2942,AB,4.0,3.0,13.0,30.0,
GF09,GF09,GF,G_filler,G_filler,G_filler,filler,,"At the calm beach, Noah collected items.",Noah swallowed the mountain quickly.,,,-1,yes,Noah,proper_name,verb_object_mismatch,none,5,36,7,0,0,,C1,,,0,0,0,2051,2942,AB,3.0,2.0,28.0,32.0,
GF10,GF10,GF,G_filler,G_filler,G_filler,filler,,"In the busy office, Lena worked daily.",Lena printed her dreams nicely.,,,-1,yes,Lena,proper_name,verb_object_mismatch,none,5,31,7,0,0,,C1,,,0,0,0,2051,2942,AB,2.0,3.0,15.0,14.0,
GF11,GF11,GF,G_filler,G_filler,G_filler,filler,,"On the long journey, Tyler reached his destination.",Tyler skated across the ocean.,,,-1,yes,Tyler,proper_name,implausible_setting,none,5,30,8,0,0,,C1,,,0,0,0,2051,3312,AB,3.0,4.0,32.0,11.0,
GF12,GF12,GF,G_filler,G_filler,G_filler,filler,,"On the spacecraft, Emma observed the stars.",Emma planted music on Mars.,,,-1,yes,Emma,proper_name,implausible_setting,none,5,27,7,0,0,,C1,,,0,0,0,2051,2942,AB,2.0,4.0,26.0,25.0,
GF13,GF13,GF,G_filler,G_filler,G_filler,filler,,"During the museum visit, Mira examined exhibits.",Mira slept inside the painting.,,,-1,yes,Mira,proper_name,implausible_setting,none,5,31,7,0,0,,C1,,,0,0,0,2051,2942,AB,4.0,4.0,30.0,30.0,
GF14,GF14,GF,G_filler,G_filler,G_filler,filler,,"On the volcano hike, Kenji photographed scenery.",Kenji baked bread above lava.,,,-1,yes,Kenji,proper_name,implausible_setting,none,5,29,7,0,0,,C1,,,0,0,0,2051,2942,AB,4.0,4.0,16.0,4.0,
GF15,GF15,GF,G_filler,G_filler,G_filler,filler,,"In the snowy mountains, Yuki traveled slowly.",Yuki gardened during the blizzard.,,,-1,yes,Yuki,proper_name,implausible_setting,none,5,34,7,0,0,,C1,,,0,0,0,2051,2942,AB,1.0,1.0,11.0,17.0,
GF16,GF16,GF,G_filler,G_filler,G_filler,filler,,"At the cozy cafe, Aiden ordered breakfast.",Aiden ate a hairy sandwich.,,,-1,yes,Aiden,proper_name,adjective_noun_mismatch,none,5,27,7,0,0,,C1,,,0,0,0,2051,2942,AB,2.0,3.0,5.0,10.0,
GF17,GF17,GF,G_filler,G_filler,G_filler,filler,,"In the quiet library, Ethan studied books.",Ethan read a frozen book.,,,-1,yes,Ethan,proper_name,adjective_noun_mismatch,none,5,25,7,0,0,,C1,,,0,0,0,2051,2942,AB,2.0,2.0,32.0,4.0,
GF18,GF18,GF,G_filler,G_filler,G_filler,filler,,"At the school cafeteria, Aya chose lunch.",Aya drank some angry water.,,,-1,yes,Aya,proper_name,adjective_noun_mismatch,none,5,27,7,0,0,,C1,,,0,0,0,2051,2942,AB,3.0,1.0,30.0,10.0,
GF19,GF19,GF,G_filler,G_filler,G_filler,filler,,"During the family picnic, Leo prepared snacks.",Leo cut some fluffy stone.,,,-1,yes,Leo,proper_name,adjective_noun_mismatch,none,5,26,7,0,0,,C1,,,0,0,0,2051,2942,AB,2.0,3.0,19.0,17.0,
GF20,GF20,GF,G_filler,G_filler,G_filler,filler,,"Inside the bright laboratory, Ren mixed chemicals.",Ren measured the song quickly.,,,-1,yes,Ren,proper_name,cross_domain,none,5,30,7,0,0,,C1,,,0,0,0,2051,2942,AB,1.0,2.0,4.0,24.0,
GF21,GF21,GF,G_filler,G_filler,G_filler,filler,,"On the playground, children played outside.",Children counted the silence happily.,,,-1,yes,,no_subject_name,cross_domain,none,5,37,6,0,0,,C1,,,0,0,0,2051,2572,AB,3.0,2.0,4.0,15.0,
GF22,GF22,GF,G_filler,G_filler,G_filler,filler,,"At the busy supermarket, Nora shopped slowly.",Nora purchased some loud silence.,,,-1,yes,Nora,proper_name,cross_domain,none,5,33,7,0,0,,C1,,,0,0,0,2051,2942,AB,4.0,3.0,6.0,19.0,
GF23,GF23,GF,G_filler,G_filler,G_filler,filler,,"In the dense forest, Maya walked carefully.",Maya climbed a small ocean.,,,-1,yes,Maya,proper_name,cross_domain,none,5,27,7,0,0,,C1,,,0,0,0,2051,2942,AB,1.0,1.0,29.0,6.0,
GF24,GF24,GF,G_filler,G_filler,G_filler,filler,,"During the craft workshop, Sara created items.",Sara wrapped a heavy silence.,,,-1,yes,Sara,proper_name,cross_domain,none,5,29,7,0,0,,C1,,,0,0,0,2051,2942,AB,2.0,1.0,33.0,24.0,
UF01,UF01,UF,U_filler,U_filler,U_filler,filler,,"After the long meeting, Tyler felt tired.",Tomorrow Tyler arrived at three.,,,-1,no,Tyler,proper_name,none,tense_time_mismatch,5,32,7,0,0,,C1,,,0,0,0,2051,2942,AB,3.0,1.0,31.0,18.0,
UF02,UF02,UF,U_filler,U_filler,U_filler,filler,,"Before the morning class, Maya prepared notes.",Last week Maya will travel.,,,-1,no,Maya,proper_name,none,tense_time_mismatch,5,27,7,0,0,,C1,,,0,0,0,2051,2942,AB,3.0,2.0,17.0,3.0,
UF03,UF03,UF,U_filler,U_filler,U_filler,filler,,"After breakfast, Noah went jogging happily.",Next year Noah ran daily.,,,-1,no,Noah,proper_name,none,tense_time_mismatch,5,25,6,0,0,,C1,,,0,0,0,2051,2572,AB,4.0,3.0,19.0,8.0,
UF04,UF04,UF,U_filler,U_filler,U_filler,filler,,"In the spring garden, flowers bloomed beautifully.",The boys runs to school.,,,-1,no,,no_subject_name,none,subject_verb_agreement,5,24,7,0,0,,C1,,,0,0,0,2051,2942,AB,2.0,3.0,7.0,20.0,
UF05,UF05,UF,U_filler,U_filler,U_filler,filler,,"At the busy hospital, doctors treated patients.",The teachers helps the students.,,,-1,no,,no_subject_name,none,subject_verb_agreement,5,32,7,0,0,,C1,,,0,0,0,2051,2942,AB,3.0,2.0,2.0,17.0,
UF06,UF06,UF,U_filler,U_filler,U_filler,filler,,"In the large backyard, dogs played together.",The dogs eats their food.,,,-1,no,,no_subject_name,none,subject_verb_agreement,5,25,7,0,0,,C1,,,0,0,0,2051,2942,AB,1.0,1.0,26.0,11.0,
UF07,UF07,UF,U_filler,U_filler,U_filler,filler,,"In the early morning, Emma woke up.",Maya yesterday her homework finished.,,,-1,no,Maya,proper_name,none,word_order,5,37,7,0,0,,C1,,,0,0,0,2051,2942,AB,1.0,4.0,16.0,21.0,
UF08,UF08,UF,U_filler,U_filler,U_filler,filler,,"During the school recess, children played outside.",The book Sara yesterday read.,,,-1,no,Sara,proper_name,none,word_order,5,29,7,0,0,,C1,,,0,0,0,2051,2942,AB,4.0,2.0,3.0,34.0,
UF09,UF09,UF,U_filler,U_filler,U_filler,filler,,"After dinner, Owen washed the dishes.",Quickly the apple Lena ate.,,,-1,no,Lena,proper_name,none,word_order,5,27,6,0,0,,C1,,,0,0,0,2051,2572,AB,2.0,4.0,24.0,19.0,
UF10,UF10,UF,U_filler,U_filler,U_filler,filler,,"When the storm started, the family rushed home.",Her went to the store.,,,-1,no,,no_subject_name,none,pronoun_case,5,22,8,0,0,,C1,,,0,0,0,2051,3312,AB,1.0,1.0,24.0,16.0,
UF11,UF11,UF,U_filler,U_filler,U_filler,filler,,"Before the test, Yuki reviewed notes carefully.",Him quickly opened the door.,,,-1,no,,no_subject_name,none,pronoun_case,5,28,7,0,0,,C1,,,0,0,0,2051,2942,AB,4.0,4.0,18.0,12.0,
UF12,UF12,UF,U_filler,U_filler,U_filler,filler,,"Inside the busy office, team members worked.",Them played in the garden.,,,-1,no,,no_subject_name,none,pronoun_case,5,26,7,0,0,,C1,,,0,0,0,2051,2942,AB,2.0,4.0,16.0,9.0,
UF13,UF13,UF,U_filler,U_filler,U_filler,filler,,"After the class, the students walked home.",She gave the book to he.,,,-1,no,,no_subject_name,none,pronoun_case,6,24,7,0,0,,C1,,,0,0,0,2422,2942,AB,4.0,3.0,28.0,5.0,
UF14,UF14,UF,U_filler,U_filler,U_filler,filler,,"On the playground, Nora supervised the children.",Mira saw she at school.,,,-1,no,Mira,proper_name,none,pronoun_case,5,23,7,0,0,,C1,,,0,0,0,2051,2942,AB,2.0,1.0,8.0,14.0,
UF15,UF15,UF,U_filler,U_filler,U_filler,filler,,"Before the soccer game, Kenji practiced hard.",Kenji can to play soccer.,,,-1,no,Kenji,proper_name,none,auxiliary,5,25,7,0,0,,C1,,,0,0,0,2051,2942,AB,2.0,2.0,23.0,10.0,
UF16,UF16,UF,U_filler,U_filler,U_filler,filler,,"After history class, Aiden walked home slowly.",Aiden must to study tonight.,,,-1,no,Aiden,proper_name,none,auxiliary,5,28,7,0,0,,C1,,,0,0,0,2051,2942,AB,3.0,4.0,26.0,23.0,
UF17,UF17,UF,U_filler,U_filler,U_filler,filler,,"In the warm kitchen, Ethan prepared dinner.",Ethan should to cook food.,,,-1,no,Ethan,proper_name,none,auxiliary,5,26,7,0,0,,C1,,,0,0,0,2051,2942,AB,2.0,2.0,3.0,13.0,
UF18,UF18,UF,U_filler,U_filler,U_filler,filler,,"After the morning meeting, Sara took notes.",Sara go to school yesterday.,,,-1,no,Sara,proper_name,none,missing_past_morphology,5,28,7,0,0,,C1,,,0,0,0,2051,2942,AB,4.0,1.0,11.0,22.0,
UF19,UF19,UF,U_filler,U_filler,U_filler,filler,,"Before bedtime, Lena read a book.",Lena finish her homework yesterday.,,,-1,no,Lena,proper_name,none,missing_past_morphology,5,35,6,0,0,,C1,,,0,0,0,2051,2572,AB,3.0,1.0,29.0,29.0,
UF20,UF20,UF,U_filler,U_filler,U_filler,filler,,"Every weekday morning, Owen exercised at the gym.",Owen always run very fast.,,,-1,no,Owen,proper_name,none,missing_3sg_morphology,5,26,8,0,0,,C1,,,0,0,0,2051,3312,AB,1.0,3.0,12.0,1.0,
UF21,UF21,UF,U_filler,U_filler,U_filler,filler,,"After the long winter, days got longer.",The days are more longer.,,,-1,no,,no_subject_name,none,double_comparative,5,25,7,0,0,,C1,,,0,0,0,2051,2942,AB,1.0,2.0,3.0,29.0,
UF22,UF22,UF,U_filler,U_filler,U_filler,filler,,"After her marathon training, Emma grew taller.",Emma is more taller now.,,,-1,no,Emma,proper_name,none,double_comparative,5,24,7,0,0,,C1,,,0,0,0,2051,2942,AB,3.0,3.0,21.0,24.0,
UF23,UF23,UF,U_filler,U_filler,U_filler,filler,,"Before the concert, Leo arrived early.",Leo listened at the music.,,,-1,no,Leo,proper_name,none,wrong_preposition,5,26,6,0,0,,C1,,,0,0,0,2051,2572,AB,1.0,3.0,6.0,7.0,
UF24,UF24,UF,U_filler,U_filler,U_filler,filler,,"After class, the students discussed their homework.",They depended on each others.,,,-1,no,,no_subject_name,none,reciprocal_pronoun,5,29,7,0,0,,C1,,,0,0,0,2051,2942,AB,4.0,4.0,21.0,3.0,
